hospstay_seq,total_hospstays,length_of_stay_hospital,length_of_stay_icu,total_length_of_stay_icu,days_to_death,age,weight,height,heartrate_mean,heartrate_min,heartrate_max,meanbp_mean,meanbp_min,meanbp_max,resprate_mean,resprate_min,resprate_max,tempc_mean,tempc_min,tempc_max,spo2_mean,spo2_min,spo2_max,glucose_mean,glucose_min,glucose_max,received_dialysis,received_ventilation,urineoutput,mingcs,gcsmotor,gcsverbal,gcseyes,aniongap_min,aniongap_max,albumin_min,albumin_max,bands_min,bands_max,bicarbonate_min,bicarbonate_max,bilirubin_min,bilirubin_max,creatinine_min,creatinine_max,chloride_min,chloride_max,hematocrit_min,hematocrit_max,hemoglobin_min,hemoglobin_max,lactate_min,lactate_max,platelet_min,platelet_max,potassium_min,potassium_max,ptt_min,ptt_max,inr_min,inr_max,pt_min,pt_max,sodium_min,sodium_max,bun_min,bun_max,wbc_min,wbc_max
1.48,1.95,10.00,4.07,5.39,516.9192607918743,74,80.71,169.90391569377002,85.24697336561744,70.9353500636105,103.29975992114228,78.04596946314234,58.48389016581842,104.79348629124938,18.770607330703484,12.32104844675307,27.145299145299145,36.82045028513024,36.097039778594436,37.47326309410157,97.1610385342207,91.50505196779204,99.54659847174584,142.067088924077,107.71761542628552,201.073631135928,0.04198798603782774576,0.43392320805260167221,1952.9000334179989,13.77147557840617,5.1698688055711,3.198641906299816,3.1239093215619134,12.891346996702426,15.736089660641984,3.14735963496744,3.2329030104056518,8.21712954976712,10.085526996722443,22.661526274638902,25.17438171268672,1.5009156429899053,1.7495716422646466,1.314409846455782,1.568657357240696,102.34043638598646,106.82696168817866,29.887763859656037,35.77847845188733,10.14009504496198,11.938642741555592,1.7858120541714115,2.9773713773734576,205.77254728981165,246.5026055557835,3.772122708903149,4.700223496754706,31.53651923165282,43.38370800974203,1.3584263308527456,1.6478793360044637,14.815815492409634,16.837764751677277,136.57235719686906,140.13747317651388,23.590986238063106,28.013087131668815,10.420412983595801,13.649567898696693
